time,x,y,z
0,0.000000000,0.000000000,30.000000000
10,1.000000000,3.995734698,29.962507812
20,2.000000000,7.965910331,29.850124958
30,3.000000000,11.885131321,29.663132338
40,4.000000000,15.728328031,29.401997335
50,5.000000000,19.470917115,29.067372651
60,6.000000000,23.088958777,28.660094674
70,7.000000000,26.559309896,28.181181385
80,8.000000000,29.859772068,27.631829820
90,9.000000000,32.969233599,27.013413071
100,10.000000000,35.867804545,26.327476857
110,11.000000000,38.536943945,25.575735662
120,12.000000000,40.959578415,24.760068447
130,13.000000000,43.120211362,23.882513956
140,14.000000000,45.005022109,22.945265619
150,15.000000000,46.601954298,21.950666066
160,16.000000000,47.900793014,20.901201280
170,17.000000000,48.893230122,19.799494377
180,18.000000000,49.572917410,18.648299048
190,19.000000000,49.935507199,17.450492684
200,20.000000000,49.978680152,16.209069176
210,21.000000000,49.702160110,14.927131437
220,22.000000000,49.107715857,13.607883643
230,23.000000000,48.199149808,12.254623227
240,24.000000000,46.982273684,10.870732634
250,25.000000000,45.464871341,9.459670872
260,26.000000000,43.656648975,8.024964859
270,27.000000000,41.569173039,6.570200613
280,28.000000000,39.215796254,5.099014287
290,29.000000000,36.611572202,3.615083081
300,30.000000000,33.773159028,2.122116050
310,31.000000000,30.718712890,0.623844834
320,32.000000000,27.467771821,-0.875985669
330,33.000000000,24.041130749,-2.373626664
340,34.000000000,20.460708484,-3.865334829
350,35.000000000,16.749407508,-5.347381669
360,36.000000000,12.930967483,-6.816062841
370,37.000000000,9.029813395,-8.267707405
380,38.000000000,5.070899316,-9.698687006
390,39.000000000,1.079548786,-11.105424941
400,40.000000000,-2.918707171,-12.484405096
410,41.000000000,-6.898293364,-13.832180741
420,42.000000000,-10.833754019,-15.145383138
430,43.000000000,-14.699915621,-16.420729964
440,44.000000000,-18.472047927,-17.655033518
450,45.000000000,-22.126022165,-18.845208682
460,46.000000000,-25.638465368,-19.988280638
470,47.000000000,-28.986909886,-21.081392303
480,48.000000000,-32.149937103,-22.121811466
490,49.000000000,-35.107314437,-23.106937621
500,50.000000000,-37.840124765,-24.034308466
510,51.000000000,-40.330887429,-24.901606057
520,52.000000000,-42.563670047,-25.706662601
530,53.000000000,-44.524190429,-26.447465876
540,54.000000000,-46.199907936,-27.122164261
550,55.000000000,-47.580103694,-27.729071359
560,56.000000000,-48.655949161,-28.266670220
570,57.000000000,-49.420562597,-28.733617127
580,58.000000000,-49.869053085,-29.128744954
590,59.000000000,-49.998551817,-29.451066090
600,60.000000000,-49.808230442,-29.699774898
610,61.000000000,-49.299306368,-29.874249736
620,62.000000000,-48.475034973,-29.974054508
630,63.000000000,-47.340688780,-29.998939754
640,64.000000000,-45.903523733,-29.948843274
650,65.000000000,-44.172732786,-29.823890282
660,66.000000000,-42.159387093,-29.624393097
670,67.000000000,-39.876365196,-29.350850357
680,68.000000000,-37.338270643,-29.003945777
690,69.000000000,-34.561338580,-28.584546438
700,70.000000000,-31.563331894,-28.093700619
710,71.000000000,-28.363427596,-27.532635179
720,72.000000000,-24.982094156,-26.902752490
730,73.000000000,-21.440960567,-26.205626931
740,74.000000000,-17.762677999,-25.443000951
750,75.000000000,-13.970774910,-24.616780720
760,76.000000000,-10.089506538,-23.729031357
770,77.000000000,-6.143699755,-22.781971774
780,78.000000000,-2.158594260,-21.777969126
790,79.000000000,1.840318871,-20.719532897
800,80.000000000,5.827460243,-19.609308626
810,81.000000000,9.777325755,-18.450071296
820,82.000000000,13.664649749,-17.244718396
830,83.000000000,17.464566616,-15.996262681
840,84.000000000,21.152769857,-14.707824640
850,85.000000000,24.705667557,-13.382624697
860,86.000000000,28.100533295,-12.023975162
870,87.000000000,31.315651516,-10.635271951
880,88.000000000,34.330456435,-9.219986099
890,89.000000000,37.125663590,-7.781655084
900,90.000000000,39.683393192,-6.323873983
910,91.000000000,41.987284502,-4.850286491
920,92.000000000,44.022600478,-3.364575808
930,93.000000000,45.776322042,-1.870455438
940,94.000000000,47.237231361,-0.371659904
950,95.000000000,48.395983602,1.128064587
960,96.000000000,49.245166704,2.624969503
970,97.000000000,49.779348793,4.115313363
980,98.000000000,49.995112927,5.595371083
990,99.000000000,49.891078953,7.061443289
1000,100.000000000,49.467912331,8.509865564
1010,101.000000000,48.728319885,9.937017607
1020,102.000000000,47.677032483,11.339332281
1030,103.000000000,46.320774775,12.713304530
1040,104.000000000,44.668222183,14.055500139
1050,105.000000000,42.729945404,15.362564317
1060,106.000000000,40.518342796,16.631230085
1070,107.000000000,38.047561066,17.858326440
1080,108.000000000,35.333404787,19.040786278
1090,109.000000000,32.393235296,20.175654067
1100,110.000000000,29.245859645,21.260093229
1110,111.000000000,25.911410296,22.291393229
1120,112.000000000,22.411216347,23.266976355
1130,113.000000000,18.767667094,24.184404158
1140,114.000000000,15.004068818,25.041383545
1150,115.000000000,11.144495705,25.835772515
1160,116.000000000,7.213635851,26.565585508
1170,117.000000000,3.236633345,27.228998373
1180,118.000000000,-0.761072569,27.824352922
1190,119.000000000,-4.753910216,28.350161080
1200,120.000000000,-8.716339061,28.805108600
1210,121.000000000,-12.623013081,29.188058349
1220,122.000000000,-16.448942895,29.498053153
1230,123.000000000,-20.169655608,29.734318187
1240,124.000000000,-23.761351357,29.896262911
1250,125.000000000,-27.201055544,29.983482547
1260,126.000000000,-30.466765803,29.995759092
1270,127.000000000,-33.537592732,29.933061860
1280,128.000000000,-36.393893517,29.795547563
1290,129.000000000,-39.017397583,29.583559914
1300,130.000000000,-41.391323454,29.297628772
1310,131.000000000,-43.500486108,28.938468816
1320,132.000000000,-45.331394101,28.506977759
1330,133.000000000,-46.872335869,28.004234103
1340,134.000000000,-48.113454645,27.431494447
1350,135.000000000,-49.046811503,26.790190341
1360,136.000000000,-49.666436145,26.081924710
1370,137.000000000,-49.968365088,25.308467852
1380,138.000000000,-49.950667016,24.471753004
1390,139.000000000,-49.613455138,23.573871518
1400,140.000000000,-48.958886458,22.617067630
1410,141.000000000,-47.991147981,21.603732852
1420,142.000000000,-46.716429933,20.536399993
1430,143.000000000,-45.142886157,19.417736829
1440,144.000000000,-43.280581965,18.250539436
1450,145.000000000,-41.141429748,17.037725199
1460,146.000000000,-38.739112781,15.782325521
1470,147.000000000,-36.088997692,14.487478250
1480,148.000000000,-33.208036176,13.156419827
1490,149.000000000,-30.114656554,11.792477207
1500,150.000000000,-26.828645900,10.399059535
1510,151.000000000,-23.371023468,8.979649630
1520,152.000000000,-19.763906241,7.537795277
1530,153.000000000,-16.030367461,6.077100362
1540,154.000000000,-12.194289034,4.601215861
1550,155.000000000,-8.280208772,3.113830717
1560,156.000000000,-4.313163431,1.618662617
1570,157.000000000,-0.318528563,0.119448704
1580,158.000000000,3.678143800,-1.380063769
1590,159.000000000,7.651288596,-2.876126801
1600,160.000000000,11.575491255,-4.365001014
1610,161.000000000,15.425650273,-5.842964998
1620,162.000000000,19.177137771,-7.306324612
1630,163.000000000,22.805957031,-8.751422220
1640,164.000000000,26.288895993,-10.174645830
1650,165.000000000,29.603675735,-11.572438124
1660,166.000000000,32.729092978,-12.941305349
1670,167.000000000,35.645155718,-14.277826051
1680,168.000000000,38.333211103,-15.578659624
1690,169.000000000,40.776064754,-16.840554660
1700,170.000000000,42.958090743,-18.060357081
1710,171.000000000,44.865331550,-19.235018014
1720,172.000000000,46.485587343,-20.361601420
1730,173.000000000,47.808494014,-21.437291426
1740,174.000000000,48.825589474,-22.459399368
1750,175.000000000,49.530367785,-23.425370508
1760,176.000000000,49.918320769,-24.332790422
1770,177.000000000,49.986966852,-25.179391032
1780,178.000000000,49.735866933,-25.963056277
1790,179.000000000,49.166627194,-26.681827403
1800,180.000000000,48.282888827,-27.333907857
1810,181.000000000,47.090304743,-27.917667775
1820,182.000000000,45.596503409,-28.431648064
1830,183.000000000,43.811040056,-28.874564039
1840,184.000000000,41.745335556,-29.245308642
1850,185.000000000,39.412603369,-29.542955204
1860,186.000000000,36.827765020,-29.766759764
1870,187.000000000,34.007354654,-29.916162926
1880,188.000000000,30.969413271,-29.990791261
1890,189.000000000,27.733373330,-29.990458237
1900,190.000000000,24.319934443,-29.915164686
1910,191.000000000,20.750930969,-29.765098803
1920,192.000000000,17.049192352,-29.540635674
1930,193.000000000,13.238397087,-29.242336340
1940,194.000000000,9.342921257,-28.870946395
1950,195.000000000,5.387682615,-28.427394119
1960,196.000000000,1.397981190,-27.912788163
1970,197.000000000,-2.600662543,-27.328414773
1980,198.000000000,-6.582670912,-26.675734579
1990,199.000000000,-10.522572650,-25.956378940
2000,200.000000000,-14.395165833,-25.172145872
