time,x,y,z,marker,comment
0,0.000000,0.000000,20.000000,,
50,5.000000,5.370887,19.879122,,
100,10.000000,10.568227,19.517949,,
150,15.000000,15.424080,18.920847,,
200,20.000000,19.781540,18.095033,,
250,25.000000,23.499807,17.050490,,
300,30.000000,26.458734,15.799845,,
350,35.000000,28.562710,14.358213,,
400,40.000000,29.743750,12.743023,,
450,45.000000,29.963692,10.973797,,
500,50.000000,29.215429,9.071922,M1,test marker 1
550,55.000000,27.523139,7.060388,,
600,60.000000,24.941504,4.963509,,
650,65.000000,21.553944,2.806632,,
700,70.000000,17.469919,0.615829,,
750,75.000000,12.821396,-1.582418,,
800,80.000000,7.758580,-3.761537,,
850,85.000000,2.445065,-5.895187,,
900,90.000000,-2.947458,-7.957577,,
950,95.000000,-8.244740,-9.923778,,
1000,100.000000,-13.275613,-11.770022,,
1050,105.000000,-17.877517,-13.473993,,
1100,110.000000,-21.901751,-15.015092,,
1150,115.000000,-25.218282,-16.374692,,
1200,120.000000,-27.719945,-17.536358,,
1250,125.000000,-29.325904,-18.486048,X1,test marker 2
1300,130.000000,-29.984266,-19.212282,,
1350,135.000000,-29.673758,-19.706281,,
1400,140.000000,-28.404413,-19.962075,,
1450,145.000000,-26.217248,-19.976572,,
1500,150.000000,-23.182935,-19.749595,,
1550,155.000000,-19.399520,-19.283890,,
1600,160.000000,-14.989256,-18.585084,,
1650,165.000000,-10.094651,-17.661626,,
1700,170.000000,-4.873860,-16.524677,,
1750,175.000000,0.504417,-15.187981,,
1800,180.000000,5.866395,-13.667696,,
1850,185.000000,11.038815,-11.982199,,
1900,190.000000,15.854542,-10.151863,,
1950,195.000000,20.157967,-8.198813,,
2000,200.000000,23.810036,-6.146657,,
